#"Step","Potential Energy (kJ/mole)","Kinetic Energy (kJ/mole)","Total Energy (kJ/mole)","Temperature (K)","Density (g/mL)"
100,-246074.67838202417,58.1559817692829,-246016.52240025488,0.46514038891522536,0.9621320880879569
200,-246175.5223644646,157.9875995663224,-246017.53476489827,1.2636088545043955,0.9621320880879569
300,-246256.83685417473,238.85921220323348,-246017.9776419715,1.9104323146149569,0.9621320880879569
400,-246329.30117244832,312.0839386687885,-246017.21723377952,2.4960948158778815,0.9621320880879569
500,-246378.1021061372,362.07848815335086,-246016.02361798385,2.8959588278577026,0.9621320880879569
600,-246424.3980937805,406.2247002544659,-246018.17339352603,3.2490469477919537,0.9621320880879569
700,-246479.34660666157,461.2381291807469,-246018.10847748083,3.6890527210217363,0.9621320880879569
800,-246545.74097622652,525.7259346146668,-246020.01504161186,4.204835998807724,0.9621320880879569
900,-246570.8210401293,551.1503875289335,-246019.67065260035,4.408184640799787,0.9621320880879569
1000,-246598.72760518081,580.7755436220923,-246017.95206155872,4.645131145830236,0.9621320880879569
1100,-246645.13499923144,627.2752496385226,-246017.8597495929,5.017042868114153,0.9621320880879569
1200,-246704.22094930243,685.9172647811251,-246018.3036845213,5.486070625884891,0.9621320880879569
1300,-246766.62041312922,748.9120307134963,-246017.70838241573,5.989912346615385,0.9621320880879569
1400,-246814.29756534565,796.7163128580692,-246017.58125248758,6.372258267225125,0.9621320880879569
1500,-246856.1099553043,842.2111711929356,-246013.89878411137,6.736133064893832,0.9621320880879569
1600,-246883.8314100355,868.8454589565399,-246014.98595107894,6.949158150051736,0.9621320880879569
1700,-246925.48053753842,909.967352553731,-246015.51318498468,7.278057310530371,0.9621320880879569
1800,-246971.7169376323,954.3083480120949,-246017.4085896202,7.632703337386466,0.9621320880879569
1900,-246965.3051301632,949.6134065248352,-246015.69172363836,7.595152481173912,0.9621320880879569
2000,-247005.8236074159,992.3788002117253,-246013.44480720416,7.937196605380228,0.9621320880879569
2100,-247052.64139350783,1039.815111566315,-246012.82628194152,8.316599439635736,0.9621320880879569
2200,-247128.66778734606,1114.9209867208692,-246013.7468006252,8.917307654274795,0.9621320880879569
2300,-247125.90318992734,1114.961599622542,-246010.9415903048,8.917632482440435,0.9621320880879569
2400,-247163.4615962552,1147.2547629629116,-246016.20683329226,9.175918115293017,0.9621320880879569
2500,-247171.75232715253,1155.9509433373096,-246015.8013838152,9.245471488795875,0.9621320880879569
2600,-247222.97403957602,1204.371678867201,-246018.6023607088,9.632747897356671,0.9621320880879569
2700,-247246.0231909044,1229.2349556749305,-246016.78823522947,9.831608167482187,0.9621320880879569
2800,-247313.0133079514,1299.091970678859,-246013.92133727254,10.390335200176638,0.9621320880879569
2900,-247324.4591898946,1314.9876626722835,-246009.4715272223,10.517471362802704,0.9621320880879569
3000,-247364.9492487535,1352.9634328698703,-246011.9858158836,10.821207349741037,0.9621320880879569
3100,-247423.5588571094,1407.4651706593995,-246016.09368645,11.257120539420299,0.9621320880879569
3200,-247428.63855525013,1414.412265461462,-246014.22628978867,11.312684460443625,0.9621320880879569
3300,-247424.7214926025,1413.02638090455,-246011.69511169795,11.30159994493581,0.9621320880879569
3400,-247494.87936692778,1481.571587604889,-246013.3077793229,11.84983493526505,0.9621320880879569
3500,-247562.03645610996,1548.6720175723785,-246013.36443853757,12.386514381504615,0.9621320880879569
3600,-247571.99238222558,1556.4927239935114,-246015.49965823206,12.449065581151611,0.9621320880879569
3700,-247595.29192912765,1579.4131162931826,-246015.87881283447,12.632386365428866,0.9621320880879569
3800,-247574.100719844,1562.2597928727228,-246011.84092697126,12.495191475337686,0.9621320880879569
3900,-247611.8039824115,1600.0925608351772,-246011.71142157633,12.79778370864584,0.9621320880879569
4000,-247692.99743349012,1681.5073360481983,-246011.4900974419,13.448951465666362,0.9621320880879569
4100,-247695.10831478145,1675.8097028315242,-246019.29861194993,13.403380928471856,0.9621320880879569
4200,-247750.35455476027,1733.5327516204852,-246016.82180313978,13.86505865355243,0.9621320880879569
4300,-247723.8128856523,1709.8380624704623,-246013.97482318184,13.67554492527954,0.9621320880879569
4400,-247747.86750771943,1736.8951170890177,-246010.97239063043,13.891951364054902,0.9621320880879569
4500,-247768.39205151517,1754.0923995101039,-246014.29965200508,14.02949784492016,0.9621320880879569
4600,-247800.48479217011,1785.843904095058,-246014.64088807505,14.283451208649458,0.9621320880879569
4700,-247839.3978496818,1823.1235717004565,-246016.27427798134,14.581619661163904,0.9621320880879569
4800,-247833.71465656627,1816.4816719107366,-246017.23298465554,14.528496736275752,0.9621320880879569
4900,-247855.11685207207,1839.1311186421226,-246015.98573342996,14.70965045668145,0.9621320880879569
5000,-247869.94714362826,1857.0150202611785,-246012.9321233671,14.852688622341015,0.9621320880879569
5100,-247864.72210088465,1847.2946698218475,-246017.4274310628,14.774943780861426,0.9621320880879569
5200,-247915.56285788957,1895.7124504874882,-246019.8504074021,15.16219655596845,0.9621320880879569
5300,-247922.82988970494,1905.4527441407772,-246017.37714556415,15.240100906307047,0.9621320880879569
5400,-247923.41845239513,1907.1332330046353,-246016.2852193905,15.253541711877206,0.9621320880879569
5500,-247940.78145347652,1926.2360485317695,-246014.54540494474,15.40632893639553,0.9621320880879569
5600,-247947.79673597403,1931.2652779677114,-246016.53145800633,15.446553478473739,0.9621320880879569
5700,-247954.96867447346,1937.8505883536418,-246017.11808611982,15.499223792701965,0.9621320880879569
5800,-247988.46235555317,1975.7564202965586,-246012.7059352566,15.802400402840394,0.9621320880879569
5900,-247984.88564288896,1971.7102871787056,-246013.17535571026,15.770038814663494,0.9621320880879569
6000,-247995.2740525985,1982.8937680443269,-246012.38028455418,15.859485995864869,0.9621320880879569
6100,-247997.15415972658,1980.9699273504666,-246016.1842323761,15.84409882533952,0.9621320880879569
6200,-247990.0785068823,1974.0719651344407,-246016.00654174786,15.788927874213398,0.9621320880879569
6300,-248030.51839181082,2017.4336883034412,-246013.08470350737,16.135741532331647,0.9621320880879569
6400,-248054.8415726386,2038.7157488759767,-246016.12582376262,16.305958690231215,0.9621320880879569
6500,-248081.57304975996,2060.8006212429063,-246020.77242851706,16.482596858986586,0.9621320880879569
6600,-248040.98696987983,2021.4169918214666,-246019.56997805837,16.167600599811447,0.9621320880879569
6700,-248083.2802834455,2065.9055797905785,-246017.3747036549,16.52342709402037,0.9621320880879569
6800,-248067.06514598895,2052.434015807443,-246014.63113018151,16.41567947598047,0.9621320880879569
6900,-248116.0381226791,2100.6437085693833,-246015.39441410973,16.801267932379236,0.9621320880879569
7000,-248094.11009346833,2072.578123787476,-246021.53196968086,16.576795115939145,0.9621320880879569
7100,-248082.5327405529,2063.579736248932,-246018.95300430397,16.504824643565502,0.9621320880879569
7200,-248114.851383565,2097.181330948595,-246017.6700526164,16.773575309469113,0.9621320880879569
7300,-248151.7664306718,2135.1782673616,-246016.5881633102,17.077480587018172,0.9621320880879569
7400,-248143.39553460572,2125.1964931278344,-246018.19904147787,16.997644838262747,0.9621320880879569
7500,-248136.5101589905,2116.378951784034,-246020.13120720646,16.9271208012651,0.9621320880879569
7600,-248142.00966734905,2122.9211676714112,-246019.08849967763,16.979446439138336,0.9621320880879569
7700,-248168.8574233586,2154.4536092825147,-246014.4038140761,17.231647703878778,0.9621320880879569
7800,-248208.21195302345,2192.29056331006,-246015.9213897134,17.53427341797231,0.9621320880879569
7900,-248181.1573391389,2162.7067397800856,-246018.45059935882,17.29765749706975,0.9621320880879569
8000,-248172.90440877946,2150.2005212519507,-246022.70388752752,17.197630858827903,0.9621320880879569
8100,-248154.3577781734,2137.563551681422,-246016.794226492,17.09655845385906,0.9621320880879569
8200,-248165.18352370174,2149.5608708267446,-246015.622652875,17.192514837423083,0.9621320880879569
8300,-248184.80766624399,2169.6536229882695,-246015.15404325572,17.353219725733044,0.9621320880879569
8400,-248210.02452813555,2191.192343652765,-246018.83218448277,17.525489690091405,0.9621320880879569
8500,-248242.64629853796,2222.3327770323676,-246020.3135215056,17.774555613363766,0.9621320880879569
8600,-248219.96791903302,2203.4837608465605,-246016.48415818647,17.62379831458549,0.9621320880879569
8700,-248222.00836870912,2206.154224423939,-246015.8541442852,17.64515708850996,0.9621320880879569
8800,-248247.63271717262,2229.2507379538074,-246018.3819792188,17.829886517178007,0.9621320880879569
8900,-248270.19457045104,2248.4557948063593,-246021.73877564468,17.983491483370038,0.9621320880879569
9000,-248240.79940216895,2218.7309271742997,-246022.06847499465,17.745747470283273,0.9621320880879569
9100,-248208.5718083689,2191.4591773604116,-246017.1126310085,17.527623866676073,0.9621320880879569
9200,-248231.76374822576,2219.665502611184,-246012.09824561456,17.753222346795678,0.9621320880879569
9300,-248270.09635319747,2255.0340540337347,-246015.06229916372,18.036105401359514,0.9621320880879569
9400,-248258.32815422025,2241.8225872323674,-246016.50556698788,17.930438080145542,0.9621320880879569
9500,-248244.59406601533,2226.352214613128,-246018.2418514022,17.80670368657406,0.9621320880879569
9600,-248295.55626616906,2275.1474084019355,-246020.40885776712,18.196975069252492,0.9621320880879569
9700,-248256.2333471086,2239.978055785301,-246016.2552913233,17.91568523704062,0.9621320880879569
9800,-248294.06834405102,2275.2650617423533,-246018.80328230865,18.197916078566653,0.9621320880879569
9900,-248347.64566828823,2326.811851573315,-246020.8338167149,18.610195144964752,0.9621320880879569
10000,-248303.01706338767,2282.9635898640627,-246020.0534735236,18.259490077589017,0.9621320880879569
10100,-248279.92426081235,2260.6888843033157,-246019.23537650902,18.081333594071957,0.9621320880879569
10200,-248316.52451387513,2295.9326069833114,-246020.59190689182,18.363218249363808,0.9621320880879569
10300,-248321.70222349092,2303.445189322192,-246018.25703416872,18.423305025728926,0.9621320880879569
10400,-248325.29321653862,2306.343492203101,-246018.9497243355,18.446486093062088,0.9621320880879569
10500,-248361.10578289162,2341.375950290996,-246019.72983260063,18.726681022008616,0.9621320880879569
10600,-248340.77200121898,2327.4104879824263,-246013.36151323657,18.61498313002977,0.9621320880879569
10700,-248336.78287699958,2319.455460623256,-246017.32741637633,18.551357611087365,0.9621320880879569
10800,-248356.10757375974,2337.675333242082,-246018.43224051766,18.697082923911214,0.9621320880879569
10900,-248378.13798571285,2357.9736037330076,-246020.16438197985,18.8594315790833,0.9621320880879569
11000,-248368.3109550299,2349.506909371252,-246018.80404565868,18.79171366961911,0.9621320880879569
11100,-248389.35230835248,2374.3672407564336,-246014.98506759605,18.99055038180703,0.9621320880879569
11200,-248361.4437519284,2341.1397382245123,-246020.3040137039,18.72479176196815,0.9621320880879569
11300,-248389.37517881952,2371.0971849602392,-246018.2779938593,18.964395978106122,0.9621320880879569
11400,-248352.41379390005,2335.7446630873746,-246016.6691308127,18.681641130319104,0.9621320880879569
11500,-248402.78194277268,2383.542420002259,-246019.23952277043,19.063934861149175,0.9621320880879569
11600,-248417.17514461325,2397.669560451108,-246019.50558416214,19.176925879488554,0.9621320880879569
11700,-248394.5336580309,2376.628290923516,-246017.9053671074,19.008634604995727,0.9621320880879569
11800,-248382.9064875776,2365.436917443243,-246017.46957013436,18.919124297461735,0.9621320880879569
11900,-248397.01013720222,2379.4437351204797,-246017.56640208175,19.03115295597018,0.9621320880879569
12000,-248391.2188466899,2375.944624320553,-246015.27422236936,19.003166535505436,0.9621320880879569
12100,-248392.28760492615,2375.9642253317143,-246016.32337959443,19.00332330737442,0.9621320880879569
12200,-248406.8857751754,2391.023889575069,-246015.86188560034,19.123772792878363,0.9621320880879569
12300,-248443.27219711617,2424.469064874087,-246018.8031322421,19.391272392620998,0.9621320880879569
12400,-248414.95946829626,2399.558664126489,-246015.40080416977,19.19203521805589,0.9621320880879569
12500,-248430.7142509194,2407.545589776739,-246023.16866114267,19.25591586438274,0.9621320880879569
12600,-248429.982567342,2406.7923736095836,-246023.19019373241,19.24989152689811,0.9621320880879569
12700,-248394.3156464044,2372.3328612060286,-246021.98278519837,18.974279104691796,0.9621320880879569
12800,-248435.8692301577,2417.327649814193,-246018.5415803435,19.334154268615418,0.9621320880879569
12900,-248436.8689474957,2418.4329683661053,-246018.4359791296,19.342994774535367,0.9621320880879569
13000,-248442.49155914132,2423.5673176948185,-246018.92424144648,19.38406008150686,0.9621320880879569
13100,-248401.6380089568,2384.1086905588454,-246017.52931839795,19.068463979202185,0.9621320880879569
13200,-248444.86983953044,2425.711963127993,-246019.15787640243,19.4012132819262,0.9621320880879569
13300,-248423.7363393032,2405.312076428123,-246018.42426287508,19.238051884857054,0.9621320880879569
13400,-248446.46578863543,2427.4013214234365,-246019.06446721198,19.414725026559402,0.9621320880879569
13500,-248441.27517214988,2423.8537327981903,-246017.4214393517,19.386350873073276,0.9621320880879569
13600,-248479.711238469,2455.8840570291504,-246023.82718143985,19.642534278745547,0.9621320880879569
13700,-248437.97610050905,2418.090017679162,-246019.8860828299,19.34025180277132,0.9621320880879569
13800,-248434.45533052087,2414.2325470704745,-246020.2227834504,19.309399166042184,0.9621320880879569
13900,-248441.33536094427,2423.732041246949,-246017.60331969731,19.38537756553465,0.9621320880879569
14000,-248458.46783545427,2438.789667715042,-246019.67816773924,19.50581075260206,0.9621320880879569
14100,-248418.42916621873,2399.957171545808,-246018.47199467293,19.1952225410168,0.9621320880879569
14200,-248453.48049825523,2436.614076195474,-246016.86642205977,19.488410040676204,0.9621320880879569
14300,-248474.4125150172,2454.783678512751,-246019.62883650445,19.633733283981115,0.9621320880879569
14400,-248442.11046547163,2423.2708128019294,-246018.8396526697,19.38168859026902,0.9621320880879569
14500,-248464.8349866541,2449.09653531776,-246015.73845133634,19.588246647575776,0.9621320880879569
14600,-248460.0683288509,2440.449177476112,-246019.6191513748,19.519083764116765,0.9621320880879569
14700,-248469.11969398055,2448.4713422962086,-246020.64835168433,19.583246258684653,0.9621320880879569
14800,-248468.95644009486,2451.9448272670998,-246017.01161282777,19.61102771987056,0.9621320880879569
14900,-248499.01208786946,2482.0863066824677,-246016.925781187,19.852103857375464,0.9621320880879569
15000,-248470.86604381632,2452.953097072619,-246017.91294674372,19.61909201515374,0.9621320880879569
15100,-248476.7734339619,2458.9733170355757,-246017.80011692632,19.667242650217112,0.9621320880879569
15200,-248483.90222997312,2464.4615489294156,-246019.4406810437,19.711138363777327,0.9621320880879569
15300,-248458.07844712958,2441.260758130258,-246016.81768899932,19.525574909646785,0.9621320880879569
15400,-248468.88122014306,2452.504665919463,-246016.3765542236,19.615505394575166,0.9621320880879569
15500,-248483.51026944164,2464.5576274499763,-246018.95264199167,19.711906814400297,0.9621320880879569
15600,-248468.79317916185,2452.0100557851983,-246016.78312337666,19.611549427480917,0.9621320880879569
15700,-248473.65946534462,2452.768845538463,-246020.89061980616,19.617618343355097,0.9621320880879569
15800,-248488.32158167847,2468.7790121172,-246019.54256956128,19.745670091128442,0.9621320880879569
15900,-248489.12167970464,2472.155899339501,-246016.96578036514,19.77267894882661,0.9621320880879569
16000,-248497.56745086424,2476.934160297591,-246020.63329056665,19.810896206841473,0.9621320880879569
16100,-248469.9985792851,2450.578141764883,-246019.42043752022,19.60009676132277,0.9621320880879569
16200,-248473.3529329179,2455.739255452225,-246017.61367746565,19.64137613370599,0.9621320880879569
16300,-248485.48104119767,2466.1909597977774,-246019.2900813999,19.724970454981552,0.9621320880879569
16400,-248512.39787910227,2493.310051698947,-246019.08782740333,19.941873077380414,0.9621320880879569
16500,-248516.68111372832,2497.8304912395542,-246018.85062248877,19.97802824047829,0.9621320880879569
16600,-248494.36978914868,2471.1352460971902,-246023.23454305148,19.764515608932196,0.9621320880879569
16700,-248516.02228911128,2495.4097590457604,-246020.61253006553,19.958666856149026,0.9621320880879569
16800,-248513.20366411284,2492.4528887620363,-246020.7507753508,19.935017357818836,0.9621320880879569
16900,-248523.37553161662,2503.0589756666523,-246020.31655594998,20.01984645428656,0.9621320880879569
17000,-248484.8379114354,2464.6608695565556,-246020.17704187884,19.71273256047397,0.9621320880879569
17100,-248560.31419948395,2539.785338063768,-246020.52886142017,20.313589487576024,0.9621320880879569
17200,-248518.420948877,2498.97653619849,-246019.4444126785,19.987194482396944,0.9621320880879569
17300,-248538.5093219285,2516.2102629687142,-246022.29905895976,20.125032450710545,0.9621320880879569
17400,-248508.28350054333,2490.8252491561216,-246017.4582513872,19.921999248653172,0.9621320880879569
17500,-248526.238385465,2504.679783482825,-246021.55860198216,20.032809921758613,0.9621320880879569
17600,-248545.70914151613,2528.2190791730172,-246017.4900623431,20.22108078950123,0.9621320880879569
17700,-248554.81669511274,2539.7036979992263,-246015.1129971135,20.312936517920683,0.9621320880879569
17800,-248493.45351092238,2478.2127085679967,-246015.24080235438,19.82112223040175,0.9621320880879569
17900,-248552.05483827088,2532.2227440264687,-246019.83209424443,20.253102710039148,0.9621320880879569
18000,-248522.12316858862,2501.959308664009,-246020.1638599246,20.011051150317382,0.9621320880879569
18100,-248542.82253091875,2521.198701069621,-246021.62382984912,20.164930737485935,0.9621320880879569
18200,-248546.2772769602,2525.99771387699,-246020.2795630832,20.203313971948116,0.9621320880879569
18300,-248572.42519708257,2554.550344208881,-246017.87485287368,20.431682252786658,0.9621320880879569
18400,-248561.26106745843,2544.1601284234966,-246017.10093903492,20.348579726368992,0.9621320880879569
18500,-248527.1997296624,2510.07107636609,-246017.1286532963,20.07593030236583,0.9621320880879569
18600,-248565.75861268071,2550.0119810499127,-246015.7466316308,20.39538373386257,0.9621320880879569
18700,-248574.31615872867,2555.2848385462203,-246019.03132018246,20.437556850228432,0.9621320880879569
18800,-248601.6378144374,2580.6524486418493,-246020.98536579555,20.640450854710068,0.9621320880879569
18900,-248553.18164233584,2535.0255082376607,-246018.1561340982,20.275519644558514,0.9621320880879569
19000,-248563.33774022106,2545.2839496011584,-246018.0537906199,20.357568219104316,0.9621320880879569
19100,-248577.7663476579,2561.003781253494,-246016.7625664044,20.483297823970368,0.9621320880879569
19200,-248573.09327010997,2558.5885471181537,-246014.5047229918,20.46398041394898,0.9621320880879569
19300,-248568.1749022531,2553.6931086967816,-246014.4817935563,20.424825952757676,0.9621320880879569
19400,-248553.40993253235,2535.74027670543,-246017.66965582693,20.28123647149476,0.9621320880879569
19500,-248553.2322672438,2534.281683854295,-246018.9505833895,20.26957042398932,0.9621320880879569
19600,-248566.08053865843,2547.8029685032598,-246018.27757015516,20.37771571547806,0.9621320880879569
19700,-248594.81976165995,2571.5693257330604,-246023.2504359269,20.56780265595521,0.9621320880879569
19800,-248601.04940393753,2579.00540723421,-246022.04399670332,20.627277566982794,0.9621320880879569
19900,-248549.85598261748,2528.186724273968,-246021.66925834352,20.220822010096786,0.9621320880879569
20000,-248573.17089790944,2552.9994185739924,-246020.17147933546,20.419277713631033,0.9621320880879569
20100,-248568.04234776972,2550.226642614107,-246017.8157051556,20.397100629707445,0.9621320880879569
20200,-248558.0302201853,2540.8553750795963,-246017.1748451057,20.322147806403322,0.9621320880879569
20300,-248576.07660951,2555.175721077696,-246020.9008884323,20.436684112116158,0.9621320880879569
20400,-248552.5697750235,2534.04444130951,-246018.52533371397,20.267672922026648,0.9621320880879569
20500,-248593.76075456943,2571.1442989104326,-246022.616455659,20.564403226772484,0.9621320880879569
20600,-248572.60054406617,2553.3407290656123,-246019.25981500055,20.422007566863375,0.9621320880879569
20700,-248573.54768857453,2550.143108840399,-246023.40457973414,20.396432513878118,0.9621320880879569
20800,-248588.89418166596,2567.7043450517267,-246021.18983661424,20.53688995252261,0.9621320880879569
20900,-248566.8265862791,2547.9523749752443,-246018.87421130383,20.3789106911688,0.9621320880879569
21000,-248556.8325656308,2537.6083649364446,-246019.22420069436,20.296177725341174,0.9621320880879569
21100,-248574.9175361069,2552.6748467179714,-246022.24268938892,20.4166817385525,0.9621320880879569
21200,-248558.91865070164,2534.738273155679,-246024.18037754597,20.273222294678444,0.9621320880879569
21300,-248608.94289424713,2590.7032288668306,-246018.2396653803,20.720838523880474,0.9621320880879569
21400,-248546.39919999335,2528.604861096799,-246017.79433889655,20.224166332013024,0.9621320880879569
21500,-248547.90987580363,2530.0199885701113,-246017.88988723353,20.23548473681466,0.9621320880879569
21600,-248565.85708239023,2544.7069342527902,-246021.15014813744,20.35295316257213,0.9621320880879569
21700,-248555.82536039967,2538.264937907392,-246017.56042249227,20.301429095841105,0.9621320880879569
21800,-248597.5653856555,2577.2825312556524,-246020.28285439985,20.613497742821313,0.9621320880879569
21900,-248575.21418879274,2556.7000442457893,-246018.51414454696,20.448875880695567,0.9621320880879569
22000,-248561.2519305786,2538.095005986732,-246023.15692459187,20.300069954489512,0.9621320880879569
22100,-248613.35622571688,2588.963673543367,-246024.39255217352,20.70692529578116,0.9621320880879569
22200,-248573.4651112333,2550.6362113723444,-246022.82889986096,20.400376422939686,0.9621320880879569
22300,-248581.44915608456,2559.634667139544,-246021.814488945,20.4723474410165,0.9621320880879569
22400,-248601.3136743242,2579.0041161284753,-246022.3095581957,20.627267240522727,0.9621320880879569
22500,-248577.24641600158,2556.2479222985567,-246020.99849370302,20.445259740584525,0.9621320880879569
22600,-248580.198366086,2559.205336689234,-246020.99302939678,20.468913590764902,0.9621320880879569
22700,-248605.30051264446,2585.550895756518,-246019.74961688794,20.67962937988804,0.9621320880879569
22800,-248551.02283169422,2532.4314907724547,-246018.59134092176,20.25477229826823,0.9621320880879569
22900,-248592.86820665654,2570.7931774964964,-246022.07502916004,20.56159490429101,0.9621320880879569
23000,-248588.3728364671,2564.7327362790747,-246023.64010018803,20.513122573515947,0.9621320880879569
23100,-248596.41144045303,2574.564300702703,-246021.84713975032,20.591756921359885,0.9621320880879569
23200,-248586.44385774154,2567.1862490663334,-246019.25760867522,20.532746142018347,0.9621320880879569
23300,-248584.17519388162,2564.0886014698663,-246020.08659241174,20.507970685325706,0.9621320880879569
23400,-248597.23382669128,2580.3299561954627,-246016.90387049582,20.637871511066113,0.9621320880879569
23500,-248589.0035552797,2567.140408236257,-246021.86314704345,20.532379500086062,0.9621320880879569
23600,-248584.17397376243,2561.844559224395,-246022.32941453805,20.49002249408131,0.9621320880879569
23700,-248611.06352428813,2589.3195455641253,-246021.743978724,20.709771614338663,0.9621320880879569
23800,-248581.1771368021,2558.496777387023,-246022.6803594151,20.46324642567933,0.9621320880879569
23900,-248622.6509358501,2600.9837839831125,-246021.667151867,20.803063967585004,0.9621320880879569
24000,-248592.8545116959,2571.146504940967,-246021.70800675495,20.564420870940282,0.9621320880879569
24100,-248576.9837579755,2555.998117694835,-246020.98564028068,20.443261765363527,0.9621320880879569
24200,-248568.4836717397,2548.8140751203136,-246019.66959661938,20.385802700011432,0.9621320880879569
24300,-248602.97760509234,2582.9205594954838,-246020.05704559686,20.658591550343882,0.9621320880879569
24400,-248613.33968300093,2591.1933222593143,-246022.1463607416,20.724758365386876,0.9621320880879569
24500,-248563.17246170063,2545.596754836035,-246017.5757068646,20.360070082956987,0.9621320880879569
24600,-248592.2035465472,2574.3156090851917,-246017.88793746202,20.589767847971903,0.9621320880879569
24700,-248621.06401613844,2600.595605326438,-246020.468410812,20.79995925563894,0.9621320880879569
24800,-248595.789715291,2573.818071486079,-246021.97164380492,20.58578846656847,0.9621320880879569
24900,-248590.43115450256,2569.985753553141,-246020.44540094942,20.555137004766216,0.9621320880879569
25000,-248601.7649217127,2583.8659011274794,-246017.8990205852,20.66615253652255,0.9621320880879569
25100,-248570.74349859636,2550.2645960365917,-246020.4789025598,20.397404186953978,0.9621320880879569
25200,-248630.65990670444,2607.5036522633163,-246023.15625444113,20.85521086589653,0.9621320880879569
25300,-248629.92773213517,2604.802064494128,-246025.12566764106,20.833603155951337,0.9621320880879569
25400,-248578.94751245633,2556.6918490338503,-246022.2556634225,20.44881033414382,0.9621320880879569
25500,-248613.1883948082,2593.431082679919,-246019.7573121283,20.742656313640392,0.9621320880879569
25600,-248593.09791457653,2574.626089470803,-246018.47182510572,20.59225111732649,0.9621320880879569
25700,-248606.74055447057,2587.762590166064,-246018.9779643045,20.697318848219936,0.9621320880879569
25800,-248605.72969494015,2585.0468651858246,-246020.6828297543,20.675598066710187,0.9621320880879569
25900,-248586.0453333212,2564.609871821165,-246021.43546150005,20.512139884891365,0.9621320880879569
26000,-248602.54632368032,2582.776469387074,-246019.76985429323,20.657439095737747,0.9621320880879569
26100,-248599.5065269773,2579.107613055181,-246020.3989139221,20.628095024686534,0.9621320880879569
26200,-248599.24734728504,2580.760443789066,-246018.48690349597,20.641314616325793,0.9621320880879569
26300,-248593.50230548996,2573.971312168116,-246019.53099332185,20.58701410885447,0.9621320880879569
26400,-248606.84459075425,2585.4389272579247,-246021.40566349632,20.678733838803574,0.9621320880879569
26500,-248593.54300876707,2571.8245822808967,-246021.7184264862,20.56984423665459,0.9621320880879569
26600,-248618.86384245567,2600.467991306883,-246018.3958511488,20.79893857929781,0.9621320880879569
26700,-248597.18173264433,2578.0834404093075,-246019.09829223502,20.619903536067053,0.9621320880879569
26800,-248608.54799108673,2587.484282523161,-246021.06370856357,20.69509290135566,0.9621320880879569
26900,-248580.08461815957,2558.5441935949784,-246021.5404245646,20.46362566772354,0.9621320880879569
27000,-248615.97694158775,2595.0076188986823,-246020.96932268908,20.755265690141737,0.9621320880879569
27100,-248568.10916724894,2545.0600781691646,-246023.04908907978,20.355777661335768,0.9621320880879569
27200,-248614.45574253798,2588.380335662536,-246026.07540687543,20.70225967067255,0.9621320880879569
27300,-248588.92074586754,2568.849279627815,-246020.07146623972,20.546047313430332,0.9621320880879569
27400,-248590.76955790166,2572.1967718468222,-246018.57278605484,20.57282106542057,0.9621320880879569
27500,-248629.81837131828,2606.082982081847,-246023.73538923642,20.8438481296719,0.9621320880879569
27600,-248600.3771870071,2579.045692062791,-246021.33149494432,20.62759977116994,0.9621320880879569
27700,-248602.50069822092,2579.933938144746,-246022.56676007618,20.63470409845397,0.9621320880879569
27800,-248583.7528309608,2562.6620747452544,-246021.09075621553,20.496561107578117,0.9621320880879569
27900,-248634.84997294936,2614.1421276300607,-246020.7078453193,20.908306401728797,0.9621320880879569
28000,-248632.7416194277,2614.011730872111,-246018.72988855556,20.907263468622684,0.9621320880879569
28100,-248600.36013531242,2579.566528944604,-246020.79360636784,20.631765503780716,0.9621320880879569
28200,-248623.1920149373,2601.4883240353374,-246021.70369090195,20.807099355673646,0.9621320880879569
28300,-248629.2548575867,2605.3653508482203,-246023.8895067385,20.838108405898836,0.9621320880879569
28400,-248611.17325529968,2588.0196149125604,-246023.1536403871,20.69937457124118,0.9621320880879569
28500,-248585.56592804287,2562.87883676184,-246022.68709128103,20.49829480316074,0.9621320880879569
28600,-248597.42368282564,2576.278401481817,-246021.14528134384,20.605466560141327,0.9621320880879569
28700,-248613.60498437658,2593.837186976045,-246019.76779740053,20.745904397577647,0.9621320880879569
28800,-248579.56871316396,2558.841903788998,-246020.72680937496,20.466006799143173,0.9621320880879569
28900,-248631.65146324318,2607.895310144886,-246023.7561530983,20.858343405212572,0.9621320880879569
29000,-248635.5375118861,2616.288729620195,-246019.2487822659,20.92547525098834,0.9621320880879569
29100,-248593.44470223226,2573.368068325308,-246020.07663390695,20.58218927283386,0.9621320880879569
29200,-248640.42447477486,2617.6298168280737,-246022.7946579468,20.93620147048398,0.9621320880879569
29300,-248642.48280751612,2618.286456654274,-246024.19635086184,20.941453375702395,0.9621320880879569
29400,-248638.73357451893,2614.578096300509,-246024.15547821842,20.911793345474873,0.9621320880879569
29500,-248603.17778814398,2580.614074886311,-246022.56371325767,20.64014393557583,0.9621320880879569
29600,-248651.07049695123,2630.9101493954367,-246020.1603475558,21.042419590570287,0.9621320880879569
29700,-248631.89825688768,2610.5684565593474,-246021.32980032833,20.879723636876147,0.9621320880879569
29800,-248629.21610665228,2604.284794090898,-246024.93131256138,20.8294659485788,0.9621320880879569
29900,-248633.95010163356,2608.7623422853794,-246025.1877593482,20.86527806016571,0.9621320880879569
30000,-248628.20755632082,2607.66004297413,-246020.54751334668,20.856461702591876,0.9621320880879569
